Earth,x1,y1,Sun,x2,y2
,-2.958901082182557,-0.496581822970454,,2.958901082182557,0.496581822970454
,-2.836753227408799,-0.979561491713468,,2.836753227408799,0.979561491713468
,-2.636967216995802,-1.435731867770378,,2.636967216995802,1.435731867770378
,-2.365109525035702,-1.852661858397369,,2.365109525035702,1.852661858397369
,-2.028730399553199,-2.219050257748889,,2.028730399553199,2.219050257748889
,-1.637133416856150,-2.525040685880938,,1.637133416856150,2.525040685880938
,-1.201095852586816,-2.762487966937217,,1.201095852586816,2.762487966937217
,-0.732550720479299,-2.925168721413650,,0.732550720479299,2.925168721413650
,-0.244242153622429,-3.008931553157465,,0.244242153622429,3.008931553157465
,0.250634038195780,-3.011784788902439,,-0.250634038195780,3.011784788902439
,0.738793230413183,-2.933922103655999,,-0.738793230413183,2.933922103655999
,1.207217757313777,-2.777688409583638,,-1.207217757313777,2.777688409583638
,1.643496312589464,-2.547490020860004,,-1.643496312589464,2.547490020860004
,2.036139094492992,-2.249654305318800,,-2.036139094492992,2.249654305318800
,2.374862261460429,-1.892244813992739,,-2.374862261460429,1.892244813992739
,2.650836648489917,-1.484838295323737,,-2.650836648489917,1.484838295323737
,2.856896936389961,-1.038270128640854,,-2.856896936389961,1.038270128640854
,2.987708519602704,-0.564354639308500,,-2.987708519602704,0.564354639308500
,3.039890169718272,-0.075586574083699,,-3.039890169718272,0.075586574083699
,-3.012091254864266,-0.415170200127877,,3.012091254864266,0.415170200127877
,-2.905022786108653,-0.895000892168393,,2.905022786108653,0.895000892168393
,-2.721441973393795,-1.351259095747588,,2.721441973393795,1.351259095747588
,-2.466090347897238,-1.771881425209826,,2.466090347897238,1.771881425209826
,-2.145585911428675,-2.145691578605627,,2.145585911428675,2.145691578605627
,-1.768270270365660,-2.462687729532708,,1.768270270365660,2.462687729532708
,-1.344012356737434,-2.714306906939324,,1.344012356737434,2.714306906939324
,-0.883971172228869,-2.893659799875787,,0.883971172228869,2.893659799875787
,-0.400321030472893,-2.995729300943753,,0.400321030472893,2.995729300943753
,0.094055989761769,-3.017526166501415,,-0.094055989761769,3.017526166501415
,0.585904273328806,-2.958195513417516,,-0.585904273328806,2.958195513417516
,1.061947994243438,-2.819068572000980,,-1.061947994243438,2.819068572000980
,1.509254497244363,-2.603655232091840,,-1.509254497244363,2.603655232091840
,1.915597393290404,-2.317574480047656,,-1.915597393290404,2.317574480047656
,2.269808026639007,-1.968421810053536,,-2.269808026639007,1.968421810053536
,2.562103418010161,-1.565575034102967,,-2.562103418010161,1.565575034102967
,2.784378808657581,-1.119942489143087,,-2.784378808657581,1.119942489143087
,2.930453610826334,-0.643660279536423,,-2.930453610826334,0.643660279536423
,2.996260941251360,-0.149747699290423,,-2.996260941251360,0.149747699290423
,-2.979972938304557,-0.348267857143551,,2.979972938304557,0.348267857143551
,-2.882056632163531,-0.836743557067322,,2.882056632163531,0.836743557067322
,-2.705258080855386,-1.302317482725455,,2.705258080855386,1.302317482725455
,-2.454515588994173,-1.732294624769723,,2.454515588994173,1.732294624769723
,-2.136805857455302,-2.115009084984044,,2.136805857455302,2.115009084984044
,-1.760929647774258,-2.440150401956084,,1.760929647774258,2.440150401956084
,-1.337245797798500,-2.699043852166855,,1.337245797798500,2.699043852166855
,-0.877364065058826,-2.884876932252516,,0.877364065058826,2.884876932252516
,-0.393808239580002,-2.992866792225669,,0.393808239580002,2.992866792225669
,0.100338734512830,-3.020365962079695,,-0.100338734512830,3.020365962079695
,0.591796191791967,-2.966906117671014,,-0.591796191791967,2.966906117671014
,1.067443086360156,-2.834181729350865,,-1.067443086360156,2.834181729350865
,1.514661734416728,-2.625977141767407,,-1.514661734416728,2.625977141767407
,1.921659796928357,-2.348041910126851,,-1.921659796928357,2.348041910126851
,2.277763754818504,-2.007920077704701,,-2.277763754818504,2.007920077704701
,2.573678499404791,-1.614739568938963,,-2.573678499404791,1.614739568938963
,2.801708903949656,-1.178968064444138,,-2.801708903949656,1.178968064444138
,2.955940307269174,-0.712141704282509,,-2.955940307269174,0.712141704282509
,3.032375708262983,-0.226572821632738,,-3.032375708262983,0.226572821632738
,-3.029028150199877,-0.264957278191566,,3.029028150199877,0.264957278191566
,-2.945967298086816,-0.749514640761590,,2.945967298086816,0.749514640761590
,-2.785319631317133,-1.214332322734020,,2.785319631317133,1.214332322734020
,-2.551222048123492,-1.647127608923620,,2.551222048123492,1.647127608923620
,-2.249729074264305,-2.036410881425086,,2.249729074264305,2.036410881425086
,-1.888674350743330,-2.371780019769023,,1.888674350743330,2.371780019769023
,-1.477487701532332,-2.644193943172202,,1.477487701532332,2.644193943172202
,-1.026969895533417,-2.846218646787828,,1.026969895533417,2.846218646787828
,-0.549028240198924,-2.972238910852595,,0.549028240198924,2.972238910852595
,-0.056377373667171,-3.018628863273276,,0.056377373667171,3.018628863273276
,0.437788976952079,-2.983874844082977,,-0.437788976952079,2.983874844082977
,0.920148000160666,-2.868644638667501,,-0.920148000160666,2.868644638667501
,1.377610792399882,-2.675798180778675,,-1.377610792399882,2.675798180778675
,1.797688187588006,-2.410336309328280,,-1.797688187588006,2.410336309328280
,2.168848173601064,-2.079286084843686,,-2.168848173601064,2.079286084843686
,2.480852970572636,-1.691523471305122,,-2.480852970572636,1.691523471305122
,2.725063728556054,-1.257536752781985,,-2.725063728556054,1.257536752781985
,2.894701338371244,-0.789136719953756,,-2.894701338371244,0.789136719953756
,2.985053080852539,-0.299122232999575,,-2.985053080852539,0.299122232999575
,-2.993616740680523,-0.199087965472414,,2.993616740680523,0.199087965472414
,-2.920176285082175,-0.691844549165084,,2.920176285082175,0.691844549165084
,-2.766806094085001,-1.165664278930687,,2.766806094085001,1.165664278930687
,-2.537803819131388,-1.607619969218575,,2.537803819131388,1.607619969218575
,-2.239555008864775,-2.005710128164297,,2.239555008864775,2.005710128164297
,-1.880335448021001,-2.349195844946136,,1.880335448021001,2.349195844946136
,-1.470059513174539,-2.628894314728315,,1.470059513174539,2.628894314728315
,-1.019984617168470,-2.837420657268756,,1.019984617168470,2.837420657268756
,-0.542382918661577,-2.969372199827196,,0.542382918661577,2.969372199827196
,-0.050191909713209,-3.021451955592523,,0.050191909713209,3.021451955592523
,0.443344680062039,-2.992530453505433,,-0.443344680062039,2.992530453505433
,0.925034904854479,-2.883647220583017,,-0.925034904854479,2.883647220583017
,1.382085844886680,-2.697954988731862,,-1.382085844886680,2.697954988731862
,1.802431647379157,-2.440611050654376,,-1.802431647379157,2.440611050654376
,2.175035319614385,-2.118621126773740,,-2.175035319614385,2.118621126773740
,2.490158579713006,-1.740641668180690,,-2.490158579713006,1.740641668180690
,2.739595311843185,-1.316746777312975,,-2.739595311843185,1.316746777312975
,2.916865246559086,-0.858165961296587,,-2.916865246559086,0.858165961296587
,3.017365369559589,-0.376998829595228,,-3.017365369559589,0.376998829595228
,-3.038477257894637,-0.114087310209838,,3.038477257894637,0.114087310209838
,-2.979629080094768,-0.602171147185146,,2.979629080094768,0.602171147185146
,-2.842311422844646,-1.074396615487908,,2.842311422844646,1.074396615487908
,-2.630046481052151,-1.518291933827108,,2.630046481052151,1.518291933827108
,-2.348310536142352,-1.922082537505264,,2.348310536142352,1.922082537505264
,-2.004410114852795,-2.274991772359441,,2.004410114852795,2.274991772359441
,-1.607312827147233,-2.567522927640517,,1.607312827147233,2.567522927640517
,-1.167434673683321,-2.791715890228991,,1.167434673683321,2.791715890228991
,-0.696386617710798,-2.941371481183959,,0.696386617710798,2.941371481183959
,-0.206684434786130,-3.012236475611105,,0.206684434786130,3.012236475611105
,0.288572743190588,-3.002142501188278,,-0.288572743190588,3.002142501188278
,0.776048248871289,-2.911092547098434,,-0.776048248871289,2.911092547098434
,1.242529576578511,-2.741289764018971,,-1.242529576578511,2.741289764018971
,1.675296022041707,-2.497104637587046,,-1.675296022041707,2.497104637587046
,2.062481135927888,-2.184978470902640,,-2.062481135927888,2.184978470902640
,2.393418068611324,-1.813263364074964,,-2.393418068611324,1.813263364074964
,2.658955629852801,-1.392001424696618,,-2.658955629852801,1.392001424696618
,2.851733278153526,-0.932648626886033,,-2.851733278153526,0.932648626886033
,2.966404343136012,-0.447751365208307,,-2.966404343136012,0.447751365208307
,-2.999798557068377,-0.049413887211049,,2.999798557068377,0.049413887211049
,-2.951017343963881,-0.545225512976525,,2.951017343963881,0.545225512976525
,-2.821458135506932,-1.026112718171128,,2.821458135506932,1.026112718171128
,-2.614767050150048,-1.478948470513246,,2.614767050150048,1.478948470513246
,-2.336722355240135,-1.891425632705623,,2.336722355240135,1.891425632705623
,-1.995054002539120,-2.252403558404321,,1.995054002539120,2.252403558404321
,-1.599206983727006,-2.552214107088197,,1.599206983727006,2.552214107088197
,-1.160058143995322,-2.782918205301244,,1.160058143995322,2.782918205301244
,-0.689597333257451,-2.938506539181247,,0.689597333257451,2.938506539181247
,-0.200584349417710,-3.015040504161135,,0.200584349417710,3.015040504161135
,0.293806916648046,-3.010731976686761,,-0.293806916648046,3.010731976686761
,0.780346292674115,-2.925962659896682,,-0.780346292674115,2.925962659896682
,1.246097214058457,-2.763245587591285,,-1.246097214058457,2.763245587591285
,1.678750027366184,-2.527132796181072,,-1.678750027366184,2.527132796181072
,2.066931377883193,-2.224074187775763,,-2.066931377883193,2.224074187775763
,2.400483681037521,-1.862233243661492,,-2.400483681037521,1.862233243661492
,2.670709913194284,-1.451265569157967,,-2.670709913194284,1.451265569157967
,2.870580037531254,-1.002066338185358,,-2.870580037531254,1.002066338185358
,2.994896276057794,-0.526492644665157,,-2.994896276057794,0.526492644665157
,3.040415149121167,-0.037066640576805,,-3.040415149121167,0.037066640576805
,-3.005924753500873,-0.453334781229080,,3.005924753500873,0.453334781229080
,-2.892276183366199,-0.931798061973990,,2.892276183366199,0.931798061973990
,-2.702368372448069,-1.385693075975117,,2.702368372448069,1.385693075975117
,-2.441086015741273,-1.802989373491626,,2.441086015741273,1.802989373491626
,-2.115190681232773,-2.172562439784453,,2.115190681232773,2.172562439784453
,-1.733165807852918,-2.484483527465470,,1.733165807852918,2.484483527465470
,-1.305017054761283,-2.730286290605641,,1.305017054761283,2.730286290605641
,-0.842030450554074,-2.903203180762023,,0.842030450554074,2.903203180762023
,-0.356491995509805,-2.998364444575982,,0.356491995509805,2.998364444575982
,0.138626228373722,-3.012952683927461,,-0.138626228373722,3.012952683927461
,0.630006844118526,-2.946306393528350,,-0.630006844118526,2.946306393528350
,1.104346680859182,-2.799966752811953,,-1.104346680859182,2.799966752811953
,1.548725297237885,-2.577663266374691,,-1.548725297237885,2.577663266374691
,1.950971548567454,-2.285235626928282,,-1.950971548567454,2.285235626928282
,2.300016309788213,-1.930491373643196,,-2.300016309788213,1.930491373643196
,2.586219077632562,-1.523001439556014,,-2.586219077632562,1.523001439556014
,2.801656420951341,-1.073838375626371,,-2.801656420951341,1.073838375626371
,2.940361191351172,-0.595264717005414,,-2.940361191351172,0.595264717005414
,2.998503046039656,-0.100381408616562,,-2.998503046039656,0.100381408616562
,-2.974503098506389,-0.397251775189028,,2.974503098506389,0.397251775189028
,-2.869078259610236,-0.884010476243290,,2.869078259610236,0.884010476243290
,-2.685213866597586,-1.346600653013292,,2.685213866597586,1.346600653013292
,-2.428066293452792,-1.772440245612552,,2.428066293452792,1.772440245612552
,-2.104800161472523,-2.150014601394391,,2.104800161472523,2.150014601394391
,-1.724367316599884,-2.469194212780957,,1.724367316599884,2.469194212780957
,-1.297236749923067,-2.721505388817976,,1.297236749923067,2.721505388817976
,-0.835086013015986,-2.900346874758227,,0.835086013015986,2.900346874758227
,-0.350465392304576,-3.001147947792152,,0.350465392304576,3.001147947792152
,0.143553807488234,-3.021465963321235,,-0.143553807488234,3.021465963321235
,0.633735973432808,-2.961023549187000,,-0.633735973432808,2.961023549187000
,1.107032859029557,-2.821687534499037,,-1.107032859029557,2.821687534499037
,1.550921339870563,-2.607393194561789,,-1.550921339870563,2.607393194561789
,1.953719652314396,-2.324018481114995,,-1.953719652314396,2.324018481114995
,2.304875821372897,-1.979213615450748,,-2.304875821372897,1.979213615450748
,2.595223210846267,-1.582191808909335,,-2.595223210846267,1.582191808909335
,2.817199212430012,-1.143487017478369,,-2.817199212430012,1.143487017478369
,2.965023996634137,-0.674684619165468,,-2.965023996634137,0.674684619165468
,3.034836971882678,-0.188130807145509,,-3.034836971882678,0.188130807145509
,-3.024789159516908,-0.303373608340914,,3.024789159516908,0.303373608340914
,-2.935090132343161,-0.786889342576941,,2.935090132343161,0.786889342576941
,-2.768008538223779,-1.249659030018775,,2.768008538223779,1.249659030018775
,-2.527825602099644,-1.679426018631742,,2.527825602099644,1.679426018631742
,-2.220741436457758,-2.064745453015794,,2.220741436457758,2.064745453015794
,-1.854734554590992,-2.395281197409031,,1.854734554590992,2.395281197409031
,-1.439375725653128,-2.662081788660098,,1.439375725653128,2.662081788660098
,-0.985598270899585,-2.857828295625525,,0.985598270899585,2.857828295625525
,-0.505428088097919,-2.977046781751552,,0.505428088097919,2.977046781751552
,-0.011678087478697,-3.016278116623943,,0.011678087478697,3.016278116623943
,0.482386724721945,-2.974198253440285,,-0.482386724721945,2.974198253440285
,0.963405657914650,-2.851682862968091,,-0.963405657914650,2.851682862968091
,1.418290817317309,-2.651811444690256,,-1.418290817317309,2.651811444690256
,1.834596852638337,-2.379807737662711,,-1.834596852638337,2.379807737662711
,2.200880153630601,-2.042915393088753,,-2.200880153630601,2.042915393088753
,2.507035149404907,-1.650210359174363,,-2.507035149404907,1.650210359174363
,2.744595468442500,-1.212354124981825,,-2.744595468442500,1.212354124981825
,2.906988511909555,-0.741294689206614,,-2.906988511909555,0.741294689206614
,2.989733495209977,-0.249924652352229,,-2.989733495209977,0.249924652352229
,-2.990575161404092,-0.248292034241031,,2.990575161404092,0.248292034241031
,-2.909548035124998,-0.739711577165618,,2.909548035124998,0.739711577165618
,-2.748969079426854,-1.210906188762186,,2.748969079426854,1.210906188762186
,-2.513359717046809,-1.649050307184273,,2.513359717046809,1.649050307184273
,-2.209301149452878,-2.042283948956759,,2.209301149452878,2.042283948956759
,-1.845229538832451,-2.380041371685309,,1.845229538832451,2.380041371685309
,-1.431179740925515,-2.653335186542619,,1.431179740925515,2.653335186542619
,-0.978487782357484,-2.854988380984345,,0.978487782357484,2.854988380984345
,-0.499463124971322,-2.979809191290838,,0.499463124971322,2.979809191290838
,-0.007041976866479,-3.024706211073533,,0.007041976866479,3.024706211073533
,0.485567425302302,-2.988743374704008,,-0.485567425302302,2.988743374704008
,0.965237409005215,-2.873136395838089,,-0.965237409005215,2.873136395838089
,1.419262250608047,-2.681193802068765,,-1.419262250608047,2.681193802068765
,1.835680503578553,-2.418206866554465,,-1.835680503578553,2.418206866554465
,2.203571695723383,-2.091293517117049,,-2.203571695723383,2.091293517117049
,2.513322035572692,-1.709201755413192,,-2.513322035572692,1.709201755413192
,2.756854852398396,-1.282078316515105,,-2.756854852398396,1.282078316515105
,2.927822409152228,-0.821208325313225,,-2.927822409152228,0.821208325313225
,3.021756463007739,-0.338731643175996,,-3.021756463007739,0.338731643175996
,-3.036175520370723,-0.152658479123859,,3.036175520370723,0.152658479123859
,-2.970647179557128,-0.640028857461726,,2.970647179557128,0.640028857461726
,-2.826804327902991,-1.110526297390456,,2.826804327902991,1.110526297390456
,-2.608314323846276,-1.551698175252471,,2.608314323846276,1.551698175252471
,-2.320800715358109,-1.951807593706719,,2.320800715358109,1.951807593706719
,-1.971717588421240,-2.300136670637548,,1.971717588421240,2.300136670637548
,-1.570177358396052,-2.587271128644543,,1.570177358396052,2.587271128644543
,-1.126733752399566,-2.805358995026993,,1.126733752399566,2.805358995026993
,-0.653122898622895,-2.948335984740386,,0.653122898622895,2.948335984740386
,-0.161966825954934,-3.012110116421383,,0.161966825954934,3.012110116421383
,0.333554762452543,-2.994698400044495,,-0.333554762452543,2.994698400044495
,0.820056927602771,-2.896309118846744,,-0.820056927602771,2.896309118846744
,1.284317006672381,-2.719364368425919,,-1.284317006672381,2.719364368425919
,1.713646604795215,-2.468459135690253,,-1.713646604795215,2.468459135690253
,2.096256342664427,-2.150255274673520,,-2.096256342664427,2.150255274673520
,2.421600984069697,-1.773311185555786,,-2.421600984069697,1.773311185555786
,2.680692522543327,-1.347850693744405,,-2.680692522543327,1.347850693744405
,2.866369452732076,-0.885477378147524,,-2.866369452732076,0.885477378147524
,2.973511813060217,-0.398843203592691,,-2.973511813060217,0.398843203592691
,-2.999193613807148,-0.098717441947434,,2.999193613807148,0.098717441947434
,-2.942766839985525,-0.593575511566469,,2.942766839985525,0.593575511566469
,-2.805874162170205,-1.072203076791568,,2.805874162170205,1.072203076791568
,-2.592390581437703,-1.521563113604584,,2.592390581437703,1.521563113604584
,-2.308297244125784,-1.929479857944187,,2.308297244125784,1.929479857944187
,-1.961493370485068,-2.284977566115373,,1.961493370485068,2.284977566115373
,-1.561554471093892,-2.578577363418401,,1.561554471093892,2.578577363418401
,-1.119446657352521,-2.802544105969795,,1.119446657352521,2.802544105969795
,-0.647207835889878,-2.951077617699911,,0.647207835889878,2.951077617699911
,-0.157606925558431,-3.020445104212182,,0.157606925558431,3.020445104212182
,0.336207980022496,-3.009053821556384,,-0.336207980022496,3.009053821556384
,0.821062251486646,-2.917465066101612,,-0.821062251486646,2.917465066101612
,1.284098903871759,-2.748352174841843,,-1.284098903871759,2.748352174841843
,1.713106236358136,-2.506406454996920,,-1.713106236358136,2.506406454996920
,2.096822090414486,-2.198195811538911,,-2.096822090414486,2.198195811538911
,2.425209083890275,-1.831981358343582,,-2.425209083890275,1.831981358343582
,2.689696260782811,-1.417497552390299,,-2.689696260782811,1.417497552390299
,2.883383517738889,-0.965701461521191,,-2.883383517738889,0.965701461521191
,3.001205914167474,-0.488496746985207,,-3.001205914167474,0.488496746985207
,-3.040055555008195,-0.001562111954205,,3.040055555008195,0.001562111954205
,-2.998859187584237,-0.491579839794486,,2.998859187584237,0.491579839794486
,-2.878610027155401,-0.968639053449928,,2.878610027155401,0.968639053449928
,-2.682352681428095,-1.420121861837752,,2.682352681428095,1.420121861837752
,-2.415120449149026,-1.834028333328687,,2.415120449149026,1.834028333328687
,-2.083824787651546,-2.199285411635874,,2.083824787651546,2.199285411635874
,-1.697097436700062,-2.506039439839740,,1.697097436700062,2.506039439839740
,-1.265086594258133,-2.745925053069529,,1.265086594258133,2.745925053069529
,-0.799209685060144,-2.912302906770080,,0.799209685060144,2.912302906770080
,-0.311866637751501,-3.000458614786695,,0.311866637751501,3.000458614786695
,0.183880850160548,-3.007755477520068,,-0.183880850160548,3.007755477520068
,0.674656905504808,-2.933734174039642,,-0.674656905504808,2.933734174039642
,1.147137102728676,-2.780153640121912,,-1.147137102728676,2.780153640121912
,1.588421756452183,-2.550968888005842,,-1.588421756452183,2.550968888005842
,1.986405287992624,-2.252243527385734,,-1.986405287992624,2.252243527385734
,2.330129290884102,-1.891997150416477,,-2.330129290884102,1.891997150416477
,2.610106731403488,-1.479990420565220,,-2.610106731403488,1.479990420565220
,2.818605216101421,-1.027453482268859,,-2.818605216101421,1.027453482268859
,2.949878474368663,-0.546765979515315,,-2.949878474368663,0.546765979515315
,3.000337104778698,-0.051099320995373,,-3.000337104778698,0.051099320995373
,-2.968652111946858,-0.445966341444853,,2.968652111946858,0.445966341444853
,-2.855787645639777,-0.930836801678503,,2.855787645639777,0.930836801678503
,-2.664962431642345,-1.390296152249517,,2.664962431642345,1.390296152249517
,-2.401542422227459,-1.811883199802726,,2.401542422227459,1.811883199802726
,-2.072869971204266,-2.184239469002021,,2.072869971204266,2.184239469002021
,-1.688037169193866,-2.497418048851127,,1.688037169193866,2.497418048851127
,-1.257612729737414,-2.743144690844608,,1.257612729737414,2.743144690844608
,-0.793332932952896,-2.915024955877096,,0.793332932952896,2.915024955877096
,-0.307767613842520,-3.008693632556882,,0.307767613842520,3.008693632556882
,0.186027912332241,-3.021904943108762,,-0.186027912332241,3.021904943108762
,0.674864661691870,-2.954564082851696,,-0.674864661691870,2.954564082851696
,1.145766114883405,-2.808702320728597,,-1.145766114883405,2.808702320728597
,1.586300375798425,-2.588399185001307,,-1.586300375798425,2.588399185001307
,1.984891262525679,-2.299656176712570,,-1.984891262525679,2.299656176712570
,2.331102416616154,-1.950227035149486,,-2.331102416616154,1.950227035149486
,2.615889593836435,-1.549409889591049,,-2.615889593836435,1.549409889591049
,2.831817225227873,-1.107806748495435,,-2.831817225227873,1.107806748495435
,2.973236091999611,-0.637055782627649,,-2.973236091999611,0.637055782627649
,3.036419549039247,-0.149541829013888,,-3.036419549039247,0.149541829013888
,-3.019656189847189,-0.341909457017228,,3.019656189847189,0.341909457017228
,-2.923297218408480,-0.824348295652608,,2.923297218408480,0.824348295652608
,-2.749757141020275,-1.285022630581216,,2.749757141020275,1.285022630581216
,-2.503466779865294,-1.711699140892182,,2.503466779865294,1.711699140892182
,-2.190778106801040,-2.092977032629146,,2.190778106801040,2.092977032629146
,-1.819821060595129,-2.418587777458095,,1.819821060595129,2.418587777458095
,-1.400313390324307,-2.679673526674039,,1.400313390324307,2.679673526674039
,-0.943325687722886,-2.869036580735340,,0.943325687722886,2.869036580735340
,-0.461005130071624,-2.981352132774403,,0.461005130071624,2.981352132774403
,0.033736982422268,-3.013336628591385,,-0.033736982422268,3.013336628591385
,0.527567116578263,-2.963864588205033,,-0.527567116578263,2.963864588205033
,1.007092326819802,-2.834027687889564,,-1.007092326819802,2.834027687889564
,1.459233904658775,-2.627131345895173,,-1.459233904658775,2.627131345895173
,1.871600420849193,-2.348625982956145,,-1.871600420849193,2.348625982956145
,2.232847819654794,-2.005972479218297,,-2.232847819654794,2.005972479218297
,2.533013892938939,-1.608444005089875,,-2.533013892938939,1.608444005089875
,2.763814806535495,-1.166869197235208,,-2.763814806535495,1.166869197235208
,2.918892419389416,-0.693324379327544,,-2.918892419389416,0.693324379327544
,2.994002904501303,-0.200784973321992,,-2.994002904501303,0.200784973321992
,-2.987139554228927,-0.297251793533139,,2.987139554228927,0.297251793533139
,-2.898585470169466,-0.787159473449941,,2.898585470169466,0.787159473449941
,-2.730894891224613,-1.255576311614536,,2.730894891224613,1.255576311614536
,-2.488804971602804,-1.689786761955893,,2.488804971602804,1.689786761955893
,-2.179082658369147,-2.078077855534198,,2.179082658369147,2.078077855534198
,-1.810313743196939,-2.410059274276726,,1.810313743196939,2.410059274276726
,-1.392643035870364,-2.676938045396275,,1.392643035870364,2.676938045396275
,-0.937475853307642,-2.871741102537067,,0.937475853307642,2.871741102537067
,-0.457151629320763,-2.989481364277758,,0.457151629320763,2.989481364277758
,0.035399522077851,-3.027265284849840,,-0.035399522077851,3.027265284849840
,0.527006917365572,-2.984341897973257,,-0.527006917365572,2.984341897973257
,1.004606540652335,-2.862095110393160,,-1.004606540652335,2.862095110393160
,1.455576916168732,-2.663982362605874,,-1.455576916168732,2.663982362605874
,1.868056285979069,-2.395423759858339,,-1.868056285979069,2.395423759858339
,2.231234919409388,-2.063646422113581,,-2.231234919409388,2.063646422113581
,2.535617449734448,-1.677489168228256,,-2.535617449734448,1.677489168228256
,2.773251061333943,-1.247172812911913,,-2.773251061333943,1.247172812911913
,2.937916112537240,-0.784041395882518,,-2.937916112537240,0.784041395882518
,3.025276378755560,-0.300279658174676,,-3.025276378755560,0.300279658174676
,-3.032986563706395,-0.191387902400967,,3.032986563706395,0.191387902400967
,-2.960755098644901,-0.678010974849491,,2.960755098644901,0.678010974849491
,-2.810360588896979,-1.146734761352579,,2.810360588896979,1.146734761352579
,-2.585620639581016,-1.585122760968558,,2.585620639581016,1.585122760968558
,-2.292312265615679,-1.981474674960973,,2.292312265615679,1.981474674960973
,-1.938043727209504,-2.325132624072241,,1.938043727209504,2.325132624072241
,-1.532078481051519,-2.606768390678920,,1.532078481051519,2.606768390678920
,-1.085113029781054,-2.818643998115938,,1.085113029781054,2.818643998115938
,-0.609011791617595,-2.954837710116780,,0.609011791617595,2.954837710116780
,-0.116503669007785,-3.011427576125016,,0.116503669007785,3.011427576125016
,0.379153296130004,-2.986625059366347,,-0.379153296130004,2.986625059366347
,0.864531035220343,-2.880852142461980,,-0.864531035220343,2.880852142461980
,1.326404516495294,-2.696756656759165,,-1.326404516495294,2.696756656759165
,1.752127511745444,-2.439162428689238,,-1.752127511745444,2.439162428689238
,2.129998793476427,-2.114953127811009,,-2.129998793476427,2.114953127811009
,2.449606016891737,-1.732891328259493,,-2.449606016891737,1.732891328259493
,2.702134734310611,-1.303377097356865,,-2.702134734310611,1.303377097356865
,2.880630907028188,-0.838153202536485,,-2.880630907028188,0.838153202536485
,2.980206911099466,-0.349966563015203,,-2.980206911099466,0.349966563015203
,-2.998183295675120,-0.147802343519780,,2.998183295675120,0.147802343519780
,-2.934161294520171,-0.641528950975416,,2.934161294520171,0.641528950975416
,-2.790024111238335,-1.117739067826717,,2.790024111238335,1.117739067826717
,-2.569868067640801,-1.563494519528617,,2.569868067640801,1.563494519528617
,-2.279867595032175,-1.966756979721152,,2.279867595032175,1.966756979721152
,-1.928080560785929,-2.316718471200175,,1.928080560785929,2.316718471200175
,-1.524202408469661,-2.604088980812187,,1.524202408469661,2.604088980812187
,-1.079278963219238,-2.821333899196878,,1.079278963219238,2.821333899196878
,-0.605388495695062,-2.962856372611493,,0.605388495695062,2.962856372611493
,-0.115303788726097,-3.025121962421965,,0.115303788726097,3.025121962421965
,0.377855401169946,-3.006725104549226,,-0.377855401169946,3.006725104549226
,0.860969831394257,-2.908398646674355,,-0.860969831394257,2.908398646674355
,1.321259543592224,-2.732969163120821,,-1.321259543592224,2.732969163120821
,1.746606365900698,-2.485261798206695,,-1.746606365900698,2.485261798206695
,2.125853726630050,-2.171959097665009,,-2.125853726630050,2.171959097665009
,2.449078416916813,-1.801418710814511,,-2.449078416916813,1.801418710814511
,2.707829867229308,-1.383455056487468,,-2.707829867229308,1.383455056487468
,2.895333270253159,-0.929090122863217,,-2.895333270253159,0.929090122863217
,3.006653489161422,-0.450278592842873,,-3.006653489161422,0.450278592842873
,-3.038817158163437,-0.040387479124048,,3.038817158163437,0.040387479124048
,-2.990890753600963,-0.529989111868147,,2.990890753600963,0.529989111868147
,-2.864012745140002,-1.005600434073373,,2.864012745140002,1.005600434073373
,-2.661378292982077,-1.454612463801708,,2.661378292982077,1.454612463801708
,-2.388175406431176,-1.865054356962205,,2.388175406431176,1.865054356962205
,-2.051472085745484,-2.225905352807056,,2.051472085745484,2.225905352807056
,-1.660054786211872,-2.527390130979633,,1.660054786211872,2.527390130979633
,-1.224219605630323,-2.761249843321849,,1.224219605630323,2.761249843321849
,-0.755518912880398,-2.920980788318527,,0.755518912880398,2.920980788318527
,-0.266467682642152,-3.002032658546952,,0.266467682642152,3.002032658546952
,0.229784480345301,-3.001958611100225,,-0.229784480345301,3.001958611100225
,0.719807852449403,-2.920510171436425,,-0.719807852449403,2.920510171436425
,1.190264128918490,-2.759671236610516,,-1.190264128918490,2.759671236610516
,1.628283958904326,-2.523627205535073,,-1.628283958904326,2.523627205535073
,2.021838305429761,-2.218667489849283,,-2.021838305429761,2.218667489849283
,2.360090846507906,-1.853022249734381,,-2.360090846507906,1.853022249734381
,2.633718675372912,-1.436637001119037,,-2.633718675372912,1.436637001119037
,2.835189322380709,-0.980891558751083,,-2.835189322380709,0.980891558751083
,2.958983611060201,-0.498272396311843,,-2.958983611060201,0.498272396311843
,3.001756005024919,-0.002009706587641,,-3.001756005024919,0.002009706587641
,-2.962426760677465,-0.494307951029719,,2.962426760677465,0.494307951029719
,-2.842203178048234,-0.977127649765279,,2.842203178048234,0.977127649765279
,-2.644530312691302,-1.433320879220872,,2.644530312691302,1.433320879220872
,-2.374974445942043,-1.850553917423513,,2.374974445942043,1.850553917423513
,-2.041045203893471,-2.217627930950556,,2.041045203893471,2.217627930950556
,-1.651964309017481,-2.524778800436076,,1.651964309017481,2.524778800436076
,-1.218390445729037,-2.763928864575475,,1.218390445729037,2.763928864575475
,-0.752110591746523,-2.928885116673131,,0.752110591746523,2.928885116673131
,-0.265708441595783,-3.015480693615888,,0.265708441595783,3.015480693615888
,0.227779692880069,-3.021658618792251,,-0.227779692880069,3.021658618792251
,0.715211764610413,-2.947498591276099,,-0.715211764610413,2.947498591276099
,1.183680834767609,-2.795189093646486,,-1.183680834767609,2.795189093646486
,1.620842122950289,-2.568948204926461,,-1.620842122950289,2.568948204926461
,2.015219609940536,-2.274897276155667,,-2.015219609940536,2.274897276155667
,2.356486582875353,-1.920892105592094,,-2.356486582875353,1.920892105592094
,2.635715437302427,-1.516316508295218,,-2.635715437302427,1.516316508295218
,2.845592822142874,-1.071843289001499,,-2.845592822142874,1.071843289001499
,2.980596826072736,-0.599167675384396,,-2.980596826072736,0.599167675384396
,3.037133375861877,-0.110718320857565,,-3.037133375861877,0.110718320857565
,-3.013629387688725,-0.380648901562113,,3.013629387688725,0.380648901562113
,-2.910580535662519,-0.861968881552357,,2.910580535662519,0.861968881552357
,-2.730551841948929,-1.320491269368693,,2.730551841948929,1.320491269368693
,-2.478129718255652,-1.744004289928482,,2.478129718255652,1.744004289928482
,-2.159824664781805,-2.121151653628609,,2.159824664781805,2.121151653628609
,-1.783924616300001,-2.441735296720332,,1.783924616300001,2.441735296720332
,-1.360299954906233,-2.696996184127932,,1.360299954906233,2.696996184127932
,-0.900162499440515,-2.879865048049296,,0.900162499440515,2.879865048049296
,-0.415782315297372,-2.985174818994832,,0.415782315297372,2.985174818994832
,0.079832088635418,-3.009826734150808,,-0.079832088635418,3.009826734150808
,0.573282789002445,-2.952902769878798,,-0.573282789002445,2.952902769878798
,1.051151526050786,-2.815718202067711,,-1.051151526050786,2.815718202067711
,1.500378047756113,-2.601809769913426,,-1.500378047756113,2.601809769913426
,1.908635680743350,-2.316857073222853,,-1.908635680743350,2.316857073222853
,2.264691341025879,-1.968537380453708,,-2.264691341025879,1.968537380453708
,2.558737088485758,-1.566316818661605,,-2.558737088485758,1.566316818661605
,2.782680939113087,-1.121183766749666,,-2.782680939113087,1.121183766749666
,2.930385993349550,-0.645332963582631,,-2.930385993349550,0.645332963582631
,2.997848959014810,-0.151811155660852,,-2.997848959014810,0.151811155660852
,-2.983311713880761,-0.345863145243751,,2.983311713880761,0.345863145243751
,-2.887302479012028,-0.834092184867812,,2.887302479012028,0.834092184867812
,-2.712606237119338,-1.299589897210993,,2.712606237119338,1.299589897210993
,-2.464167000015610,-1.729757877485093,,2.464167000015610,1.729757877485093
,-2.148927195396888,-2.113034227492736,,2.148927195396888,2.113034227492736
,-1.775611638760757,-2.439204849552485,,1.775611638760757,2.439204849552485
,-1.354465173904206,-2.699668883108921,,1.354465173904206,2.699668883108921
,-0.896954063261498,-2.887652276656586,,0.896954063261498,2.887652276656586
,-0.415441607742305,-2.998365784248905,,0.415441607742305,2.998365784248905
,0.077151653632466,-3.029105816579976,,-0.077151653632466,3.029105816579976
,0.567693363970735,-2.979298447979304,,-0.567693363970735,2.979298447979304
,1.043181433665109,-2.850488415170804,,-1.043181433665109,2.850488415170804
,1.491074849389330,-2.646276118744352,,-1.491074849389330,2.646276118744352
,1.899606333160672,-2.372206470383352,,-1.899606333160672,2.372206470383352
,2.258071004599432,-2.035613964473649,,-2.258071004599432,2.035613964473649
,2.557086118984953,-1.645428658216723,,-2.557086118984953,1.645428658216723
,2.788817727380513,-1.211947896183313,,-2.788817727380513,1.211947896183313
,2.947170722452823,-0.746578690825393,,-2.947170722452823,0.746578690825393
,3.027939209183731,-0.261555740869451,,-3.027939209183731,0.261555740869451
,-3.028914509074406,-0.230359806545856,,3.028914509074406,0.230359806545856
,-2.949948421628792,-0.716195524878295,,2.949948421628792,0.716195524878295
,-2.792969690901980,-1.183091147312015,,2.792969690901980,1.183091147312015
,-2.561952026027492,-1.618624163902975,,2.561952026027492,1.618624163902975
,-2.262832570101231,-2.011130924154392,,2.262832570101231,2.011130924154392
,-1.903380460615107,-2.350016012650791,,1.903380460615107,2.350016012650791
,-1.493016119974959,-2.626042118969202,,1.493016119974959,2.626042118969202
,-1.042583176012048,-2.831592201240658,,1.042583176012048,2.831592201240658
,-0.564076428416294,-2.960895548234850,,0.564076428416294,2.960895548234850
,-0.070330999913952,-3.010209482120670,,0.070330999913952,3.010209482120670
,0.425320345707176,-2.977949006569337,,-0.425320345707176,2.977949006569337
,0.909412895961745,-2.864757760772939,,-0.909412895961745,2.864757760772939
,1.368728183340310,-2.673515217892525,,-1.368728183340310,2.673515217892525
,1.790672806008364,-2.409277143815783,,-1.790672806008364,2.409277143815783
,2.163645120265337,-2.079148828406944,,-2.163645120265337,2.079148828406944
,2.477376790567128,-1.692093379098076,,-2.477376790567128,1.692093379098076
,2.723236637275894,-1.258680240572794,,-2.723236637275894,1.258680240572794
,2.894485417438244,-0.790781859779334,,-2.894485417438244,0.790781859779334
,2.986472064136610,-0.301228832901596,,-2.986472064136610,0.301228832901596
,-2.996764377334513,-0.196564247191618,,2.996764377334513,0.196564247191618
,-2.925210025111614,-0.688988827747375,,2.925210025111614,0.688988827747375
,-2.773926760748456,-1.162634473033009,,2.773926760748456,1.162634473033009
,-2.547223757709202,-1.604669482676513,,2.547223757709202,1.604669482676513
,-2.251458696161797,-2.003197604727812,,2.251458696161797,2.003197604727812
,-1.894837526293493,-2.347580025314854,,1.894837526293493,2.347580025314854
,-1.487165567510025,-2.628713850351735,,1.487165567510025,2.628713850351735
,-1.039559725641720,-2.839260543829891,,1.039559725641720,2.839260543829891
,-0.564132132404827,-2.973820067958719,,0.564132132404827,2.973820067958719
,-0.073655495504414,-3.029048624253140,,0.073655495504414,3.029048624253140
,0.418780005182511,-3.003719801671732,,-0.418780005182511,3.003719801671732
,0.900109208234004,-2.898730523199481,,-0.900109208234004,2.898730523199481
,1.357625738727593,-2.717054415894559,,-1.357625738727593,2.717054415894559
,1.779299974971964,-2.463646121221930,,-1.779299974971964,2.463646121221930
,2.154075141989620,-2.145300653720343,,-2.154075141989620,2.145300653720343
,2.472136371636399,-1.770472269469428,,-2.472136371636399,1.770472269469428
,2.725148343191827,-1.349057495842241,,-2.725148343191827,1.349057495842241
,2.906457739266921,-0.892147077669832,,-2.906457739266921,0.892147077669832
,3.011257230353464,-0.411751684221109,,-3.011257230353464,0.411751684221109
,-3.036708069456566,-0.079493642858498,,3.036708069456566,0.079493642858498
,-2.982018685456117,-0.568641093511302,,2.982018685456117,0.568641093511302
,-2.848476971758985,-1.042752194726284,,2.848476971758985,1.042752194726284
,-2.639434343590185,-1.489224405035801,,2.639434343590185,1.489224405035801
,-2.360240151314954,-1.896115626497296,,2.360240151314954,1.896115626497296
,-2.018125750067554,-2.252459452860823,,2.018125750067554,2.252459452860823
,-1.622038484773218,-2.548563381974922,,1.622038484773218,2.548563381974922
,-1.182427078985294,-2.776281738406757,,1.182427078985294,2.776281738406757
,-0.710981410373705,-2.929254781487997,,0.710981410373705,2.929254781487997
,-0.220331373696543,-3.003105521003008,,0.220331373696543,3.003105521003008
,0.276288606932478,-2.995586225279197,,-0.276288606932478,2.995586225279197
,0.765400969041556,-2.906667559263977,,-0.765400969041556,2.906667559263977
,1.233662097526127,-2.738564770418500,,-1.233662097526127,2.738564770418500
,1.668243427118239,-2.495697334992223,,-1.668243427118239,2.495697334992223
,2.057203872700827,-2.184580915759526,,-2.057203872700827,2.184580915759526
,2.389840491275446,-1.813653235612463,,-2.389840491275446,1.813653235612463
,2.657004577254889,-1.393038360433566,,-2.657004577254889,1.393038360433566
,2.851371435564630,-0.934256697156062,,-2.851371435564630,0.934256697156062
,2.967653831997907,-0.449890527229580,,-2.967653831997907,0.449890527229580
,-3.002751481164943,-0.046783091886831,,3.002751481164943,0.046783091886831
,-2.955831729728589,-0.542178873788669,,2.955831729728589,0.542178873788669
,-2.828339613543233,-1.022795521432375,,2.828339613543233,1.022795521432375
,-2.623938481826984,-1.475600022236959,,2.623938481826984,1.475600022236959
,-2.348385170700670,-1.888391329802882,,2.348385170700670,1.888391329802882
,-2.009346089763302,-2.250132248031997,,2.009346089763302,2.250132248031997
,-1.616162430977818,-2.551240276141881,,1.616162430977818,2.551240276141881
,-1.179573954959270,-2.783830365843452,,1.179573954959270,2.783830365843452
,-0.711411455061384,-2.941904800059731,,0.711411455061384,2.941904800059731
,-0.224268098355371,-3.021487563449234,,0.224268098355371,3.021487563449234
,0.268840511057914,-3.020702512601988,,-0.268840511057914,3.020702512601988
,0.754818389208101,-2.939796285975212,,-0.754818389208101,2.939796285975212
,1.220825090853167,-2.781108183130630,,-1.220825090853167,2.781108183130630
,1.654598221145404,-2.548990192800502,,-1.654598221145404,2.548990192800502
,2.044756255639894,-2.249680995550335,,-2.044756255639894,2.249680995550335
,2.381076285577056,-1.891138168200295,,-2.381076285577056,1.891138168200295
,2.654742077696477,-1.482833045851835,,-2.654742077696477,1.482833045851835
,2.858558461249568,-1.035512829673532,,-2.858558461249568,1.035512829673532
,2.987128535575065,-0.560934637264547,,-2.987128535575065,0.560934637264547
,3.036990558199739,-0.071576340181526,,-3.036990558199739,0.071576340181526
,-3.006711672692933,-0.419670732250957,,3.006711672692933,0.419670732250957
,-2.896935927454180,-0.899821793835989,,2.896935927454180,0.899821793835989
,-2.710384389016264,-1.356125406361158,,2.710384389016264,1.356125406361158
,-2.451805635633363,-1.776390611739293,,2.451805635633363,1.776390611739293
,-2.127875592819831,-2.149307277199565,,2.127875592819831,2.149307277199565
,-1.747046592916931,-2.464751906724135,,1.747046592916931,2.464751906724135
,-1.319346735252305,-2.714070631818689,,1.319346735252305,2.714070631818689
,-0.856132092474067,-2.890330749424611,,0.856132092474067,2.890330749424611
,-0.369796017036633,-2.988532132434450,,0.369796017036633,2.988532132434450
,0.126558324906347,-3.005770200579401,,-0.126558324906347,3.005770200579401
,0.619474140111371,-2.941342987436102,,-0.619474140111371,2.941342987436102
,1.095516033025893,-2.796796218388847,,-1.095516033025893,2.796796218388847
,1.541652417682137,-2.575902221291693,,-1.541652417682137,2.575902221291693
,1.945632728494945,-2.284570865546922,,-1.945632728494945,2.284570865546922
,2.296346288003221,-1.930693446328596,,-2.296346288003221,1.930693446328596
,2.584149830670187,-1.523923326275697,,-2.584149830670187,1.523923326275697
,2.801151569676671,-1.075400007991016,,-2.801151569676671,1.075400007991016
,2.941441308344553,-0.597425914293041,,-2.941441308344553,0.597425914293041
,3.001258345299346,-0.103107290020826,,-3.001258345299346,0.103107290020826
,-2.979091642868089,-0.394027859928730,,2.979091642868089,0.394027859928730
,-2.875709714482067,-0.880421124259160,,2.875709714482067,0.880421124259160
,-2.694120710394462,-1.342870677870996,,2.694120710394462,1.342870677870996
,-2.439466019789907,-1.768901014035163,,2.439466019789907,1.768901014035163
,-2.118853171807157,-2.147103895123637,,2.118853171807157,2.147103895123637
,-1.741135770587012,-2.467440846511690,,1.741135770587012,2.467440846511690
,-1.316649565244859,-2.721499647980258,,1.316649565244859,2.721499647980258
,-0.856914523235310,-2.902699505722069,,0.856914523235310,2.902699505722069
,-0.374312989567480,-3.006441749857926,,0.374312989567480,3.006441749857926
,0.118246238021430,-3.030204865374094,,-0.118246238021430,3.030204865374094
,0.607668693140666,-2.973584339446614,,-0.607668693140666,2.973584339446614
,1.081011494612510,-2.838279150627436,,-1.081011494612510,2.838279150627436
,1.525809628043361,-2.628027731757881,,-1.525809628043361,2.628027731757881
,1.930384770477610,-2.348496938941215,,-1.930384770477610,2.348496938941215
,2.284131062458598,-2.007128008192158,,-2.284131062458598,2.007128008192158
,2.577773000578454,-1.612943749097134,,-2.577773000578454,1.612943749097134
,2.803591248090654,-1.176321386343733,,-2.803591248090654,1.176321386343733
,2.955612643341398,-0.708735588524995,,-2.955612643341398,0.708735588524995
,3.029761050591852,-0.222476383653095,,-3.029761050591852,0.222476383653095
,-3.023965989175855,-0.269653097292926,,3.023965989175855,0.269653097292926
,-2.938226253070972,-0.754653751651911,,2.938226253070972,0.754653751651911
,-2.774626061005033,-1.219656733900067,,2.774626061005033,1.219656733900067
,-2.537301727213327,-1.652252413711850,,2.537301727213327,1.652252413711850
,-2.232357480938101,-2.040815031780288,,2.232357480938101,2.040815031780288
,-1.867729943048630,-2.374815349808280,,1.867729943048630,2.374815349808280
,-1.453001925132902,-2.645112995272747,,1.453001925132902,2.645112995272747
,-0.999167656364644,-2.844219783700352,,0.999167656364644,2.844219783700352
,-0.518353237627989,-2.966525170662945,,0.518353237627989,2.966525170662945
,-0.023498002577931,-3.008475247796723,,0.023498002577931,3.008475247796723
,0.471995576457007,-2.968697438837914,,-0.471995576457007,2.968697438837914
,0.954633906234709,-2.848064326462812,,-0.954633906234709,2.848064326462812
,1.411215019735816,-2.649691854905500,,-1.411215019735816,2.649691854905500
,1.829209599054169,-2.378869456226368,,-1.829209599054169,2.378869456226368
,2.197127122537514,-2.042922329005882,,-2.197127122537514,2.042922329005882
,2.504853969143716,-1.651008991851999,,-2.504853969143716,1.651008991851999
,2.743951043608350,-1.213860135058935,,-2.743951043608350,1.213860135058935
,2.907899955921048,-0.743467478792238,,-2.907899955921048,0.743467478792238
,2.992288916060171,-0.252733601042018,,-2.992288916060171,0.252733601042018
,-2.994932140246109,-0.244904654860456,,2.994932140246109,0.244904654860456
,-2.915919507675579,-0.735865664508318,,2.915919507675579,0.735865664508318
,-2.757596230319662,-1.206811725124166,,2.757596230319662,1.206811725124166
,-2.524475178471202,-1.645023903136638,,2.524475178471202,1.645023903136638
,-2.223087045389221,-2.038751199148995,,2.223087045389221,2.038751199148995
,-1.861775588831511,-2.377523945429923,,1.861775588831511,2.377523945429923
,-1.450446669832226,-2.652423411086776,,1.450446669832226,2.652423411086776
,-1.000280697631292,-2.856301782847368,,1.000280697631292,2.856301782847368
,-0.523418419348646,-2.983948845899111,,0.523418419348646,2.983948845899111
,-0.032629843680803,-3.032203672311723,,0.032629843680803,3.032203672311723
,0.459024431839146,-3.000011338255094,,-0.459024431839146,3.000011338255094
,0.938530989862578,-2.888426083700843,,-0.938530989862578,2.888426083700843
,1.393252859216868,-2.700563389188175,,-1.393252859216868,2.700563389188175
,1.811243606834702,-2.441504197967048,,-1.811243606834702,2.441504197967048
,2.181540458257311,-2.118155008791674,,-2.181540458257311,2.118155008791674
,2.494431412547709,-1.739067871651811,,-2.494431412547709,1.739067871651811
,2.741691941656213,-1.314224509962119,,-2.741691941656213,1.314224509962119
,2.916787347168531,-0.854788941630399,,-2.916787347168531,0.854788941630399
,3.015037210107625,-0.372833143954931,,-3.015037210107625,0.372833143954931
,-3.033738652979541,-0.118959443611842,,3.033738652979541,0.118959443611842
,-2.972245393745568,-0.607607423737309,,2.972245393745568,0.607607423737309
,-2.831999875176039,-1.080156310056775,,2.831999875176039,1.080156310056775
,-2.616516170598478,-1.524008513835337,,2.616516170598478,1.524008513835337
,-2.331311966303562,-1.927251515059727,,2.331311966303562,1.927251515059727
,-1.983788759451318,-2.278976575385776,,1.983788759451318,2.278976575385776
,-1.583060527259397,-2.569579701300085,,1.583060527259397,2.569579701300085
,-1.139732530609959,-2.791036077519546,,1.139732530609959,2.791036077519546
,-0.665633590655008,-2.937138973340379,,0.665633590655008,2.937138973340379
,-0.173507058772878,-3.003694286845407,,0.173507058772878,3.003694286845407
,0.323332314006369,-2.988662526155312,,-0.323332314006369,2.988662526155312
,0.811366450981324,-2.892241194604909,,-0.811366450981324,2.892241194604909
,1.277256058641637,-2.716882263599316,,-1.277256058641637,2.716882263599316
,1.708224484753099,-2.467241642456425,,-1.708224484753099,2.467241642456425
,2.092430200741101,-2.150060187681591,,-2.092430200741101,2.150060187681591
,2.419314611959344,-1.773978677245273,,-2.419314611959344,1.773978677245273
,2.679912471157037,-1.349292107635882,,-2.679912471157037,1.349292107635882
,2.867113491459485,-0.887651429818614,,-2.867113491459485,0.887651429818614
,2.975865756381211,-0.401723206325663,,-2.975865756381211,0.401723206325663
,-3.003314066767805,-0.095180540922946,,3.003314066767805,0.095180540922946
,-2.948869254892310,-0.589488944660523,,2.948869254892310,0.589488944660523
,-2.814207510662048,-1.067761712121834,,2.814207510662048,1.067761712121834
,-2.603201677949029,-1.517068138501371,,2.603201677949029,1.517068138501371
,-2.321789088785895,-1.925343611401402,,2.321789088785895,1.925343611401402
,-1.977782653997223,-2.281713137559651,,1.977782653997223,2.281713137559651
,-1.580633524620956,-2.576773407030482,,1.580633524620956,2.576773407030482
,-1.141154646356540,-2.802827060127403,,1.141154646356540,2.802827060127403
,-0.671214974724307,-2.954064967438373,,0.671214974724307,2.954064967438373
,-0.183414073792182,-3.026694330933905,,0.183414073792182,3.026694330933905
,0.309253610403599,-3.019012162116574,,-0.309253610403599,3.019012162116574
,0.793736211067799,-2.931425132374460,,-0.793736211067799,2.931425132374460
,1.257255896986046,-2.766417903985445,,-1.257255896986046,2.766417903985445
,1.687627480603977,-2.528472856090815,,-1.687627480603977,2.528472856090815
,2.073558190267119,-2.223944664233976,,-2.073558190267119,2.223944664233976
,2.404923374657780,-1.860893538537877,,-2.404923374657780,1.860893538537877
,2.673013529968603,-1.448881146962685,,-2.673013529968603,1.448881146962685
,2.870748523120344,-0.998733419781842,,-2.870748523120344,0.998733419781842
,2.992855244673823,-0.522274616685710,,-2.992855244673823,0.522274616685710
,3.036005200785156,-0.032037294070659,,-3.036005200785156,0.032037294070659
,-2.998908798606042,-0.459046824254092,,2.998908798606042,0.459046824254092
,-2.882363359179705,-0.937969576332783,,2.882363359179705,0.937969576332783
,-2.689252276858123,-1.391976578841114,,2.689252276858123,1.391976578841114
,-2.424493304109369,-1.808898111066041,,2.424493304109369,1.808898111066041
,-2.094934736018196,-2.177473102009922,,2.094934736018196,2.177473102009922
,-1.709199343323452,-2.487657956770800,,1.709199343323452,2.487657956770800
,-1.277477274200886,-2.730911401823391,,1.277477274200886,2.730911401823391
,-0.811270797299165,-2.900446226364216,,0.811270797299165,2.900446226364216
,-0.323095636600489,-2.991438859778237,,0.323095636600489,2.991438859778237
,0.173854343900009,-3.001188251349349,,-0.173854343900009,3.001188251349349
,0.666070345322262,-2.929216576463055,,-0.666070345322262,2.929216576463055
,1.140109134133227,-2.777305908843019,,-1.140109134133227,2.777305908843019
,1.582978752551724,-2.549467140558698,,-1.582978752551724,2.549467140558698
,1.982516376700014,-2.251840009449740,,-1.982516376700014,2.251840009449740
,2.327744933742148,-1.892525957807446,,-2.327744933742148,1.892525957807446
,2.609195500837967,-1.481358500854055,,-2.609195500837967,1.481358500854055
,2.819183677201689,-1.029618606929825,,-2.819183677201689,1.029618606929825
,2.952029989668513,-0.549705061503635,,-2.952029989668513,0.549705061503635
,3.004216834037533,-0.054771710036608,,-3.004216834037533,0.054771710036608
,-2.974477283761629,-0.441655291516190,,2.974477283761629,0.441655291516190
,-2.863814094429410,-0.926066617712151,,2.863814094429410,0.926066617712151
,-2.675450169985498,-1.385351991389545,,2.675450169985498,1.385351991389545
,-2.414714428039475,-1.807163132647364,,2.414714428039475,1.807163132647364
,-2.088869243038709,-2.180246613313339,,2.088869243038709,2.180246613313339
,-1.706887351164498,-2.494737692635252,,1.706887351164498,2.494737692635252
,-1.279187226009177,-2.742408310882646,,1.279187226009177,2.742408310882646
,-0.817336495029054,-2.916864544768340,,0.817336495029054,2.916864544768340
,-0.333733027589341,-3.013690835397414,,0.333733027589341,3.013690835397414
,0.158727016101457,-3.030540077085033,,-0.158727016101457,3.030540077085033
,0.646985514560741,-2.967170137926656,,-0.646985514560741,2.967170137926656
,1.118155230953711,-2.825428546390361,,-1.118155230953711,2.825428546390361
,1.559842174211129,-2.609187934916654,,-1.559842174211129,2.609187934916654
,1.960451309558842,-2.324235422609114,,-1.960451309558842,2.324235422609114
,2.309470198643635,-1.978119505099540,,-2.309470198643635,1.978119505099540
,2.597725768777672,-1.579958271533640,,-2.597725768777672,1.579958271533640
,2.817609892600472,-1.140212959527086,,-2.817609892600472,1.140212959527086
,2.963269817045823,-0.670431057195184,,-2.963269817045823,0.670431057195184
,3.030759748405664,-0.182963424457029,,-3.030759748405664,0.182963424457029
,-3.018150130119648,-0.309339724493977,,3.018150130119648,0.309339724493977
,-2.925591405647873,-0.793448637434576,,2.925591405647873,0.793448637434576
,-2.755329411122103,-1.256483673267958,,2.755329411122103,1.256483673267958
,-2.511670062348285,-1.686048091431643,,2.511670062348285,1.686048091431643
,-2.200891751732724,-2.070556513105750,,2.200891751732724,2.070556513105750
,-1.831104900637330,-2.399550837949247,,1.831104900637330,2.399550837949247
,-1.412059444802848,-2.663994777811113,,1.412059444802848,2.663994777811113
,-0.954902655346442,-2.856537783106873,,0.954902655346442,2.856537783106873
,-0.471891566977326,-2.971739102015654,,0.471891566977326,2.971739102015654
,0.023933691729580,-3.006243130026403,,-0.023933691729580,3.006243130026403
,0.519107323554928,-2.958898153789912,,-0.519107323554928,2.958898153789912
,1.000115789521216,-2.830812103007475,,-1.000115789521216,2.830812103007475
,1.453784385306707,-2.625340977203366,,-1.453784385306707,2.625340977203366
,1.867659502872864,-2.348008129640136,,-1.867659502872864,2.348008129640136
,2.230373133383999,-2.006355427550485,,-2.230373133383999,2.006355427550485
,2.531976418200809,-1.609730276264736,,-2.531976418200809,1.609730276264736
,2.764230067473188,-1.169015374702749,,-2.764230067473188,1.169015374702749
,2.920841197444524,-0.696310636591085,,-2.920841197444524,0.696310636591085
,2.997638471656176,-0.204578764528614,,-2.997638471656176,0.204578764528614
,-2.992680191034200,-0.292732649749959,,2.992680191034200,0.292732649749959
,-2.906292947926125,-0.782078991106153,,2.906292947926125,0.782078991106153
,-2.741041412486971,-1.250203071910600,,2.741041412486971,1.250203071910600
,-2.501632545282555,-1.684503612671008,,2.501632545282555,1.684503612671008
,-2.194759855909056,-2.073376597580851,,2.194759855909056,2.073376597580851
,-1.828895137540017,-2.406520163149504,,1.828895137540017,2.406520163149504
,-1.414036347448393,-2.675195723388020,,1.414036347448393,2.675195723388020
,-0.961420979364195,-2.872440138198225,,0.961420979364195,2.872440138198225
,-0.483214440866077,-2.993225741875533,,0.483214440866077,2.993225741875533
,0.007817300333818,-3.034566851296990,,-0.007817300333818,3.034566851296990
,0.498642091625640,-2.995572895658049,,-0.498642091625640,2.995572895658049
,0.976295025459043,-2.877449520640819,,-0.976295025459043,2.877449520640819
,1.428203780205115,-2.683449925994893,,-1.428203780205115,2.683449925994893
,1.842499540457367,-2.418779332791331,,-1.842499540457367,2.418779332791331
,2.208307899540198,-2.090455902084078,,-2.208307899540198,2.090455902084078
,2.516014761659374,-1.707131709357687,,-2.516014761659374,1.707131709357687
,2.757502740999349,-1.278877591627175,,-2.757502740999349,1.278877591627175
,2.926353909518771,-0.816935895529289,,-2.926353909518771,0.816935895529289
,3.018015005320096,-0.333445424699539,,-3.018015005320096,0.333445424699539
,-3.029921428332348,-0.158856742126767,,3.029921428332348,0.158856742126767
,-2.961576582112473,-0.646951388895772,,2.961576582112473,0.646951388895772
,-2.814583440305809,-1.117865448685708,,2.814583440305809,1.117865448685708
,-2.592625695782075,-1.559005887963346,,2.592625695782075,1.559005887963346
,-2.301396555885854,-1.958491832560615,,2.301396555885854,1.958491832560615
,-1.948474230518725,-2.305476786157263,,1.948474230518725,2.305476786157263
,-1.543144449587493,-2.590452106610115,,1.543144449587493,2.590452106610115
,-1.096171939633104,-2.805522438484699,,1.096171939633104,2.805522438484699
,-0.619524644532655,-2.944643667326825,,0.619524644532655,2.944643667326825
,-0.126056508264793,-3.003814269733259,,0.126056508264793,3.003814269733259
,0.370843275660287,-2.981211766226019,,-0.370843275660287,2.981211766226019
,0.857624661129025,-2.877267384590611,,-0.857624661129025,2.877267384590611
,1.320963204646597,-2.694673999952650,,-1.320963204646597,2.694673999952650
,1.748145747860744,-2.438324863740983,,-1.748145747860744,2.438324863740983
,2.127441865538061,-2.115183435087443,,-2.127441865538061,2.115183435087443
,2.448447706698127,-1.734087601515405,,-2.448447706698127,1.734087601515405
,2.702389710938899,-1.305494503536348,,-2.702389710938899,1.305494503536348
,2.882377271028628,-0.841174833641900,,-2.882377271028628,0.841174833641900
,2.983595632175967,-0.353867656705105,,-2.983595632175967,0.353867656705105
,-3.003433000391951,-0.143091666440239,,3.003433000391951,0.143091666440239
,-2.941538766781579,-0.636157075153453,,2.941538766781579,0.636157075153453
,-2.799812715073121,-1.111957514769888,,2.799812715073121,1.111957514769888
,-2.582327851419805,-1.557670020361806,,2.582327851419805,1.557670020361806
,-2.295191899567716,-1.961368723595843,,2.295191899567716,1.961368723595843
,-1.946354415011601,-2.312340046401953,,1.946354415011601,2.312340046401953
,-1.545367824098562,-2.601356328500603,,1.545367824098562,2.601356328500603
,-1.103111483771771,-2.820902208705953,,1.103111483771771,2.820902208705953
,-0.631488132066176,-2.965350087956490,,0.631488132066176,2.965350087956490
,-0.143101944033954,-3.031082824908269,,0.143101944033954,3.031082824908269
,0.349073069599448,-3.016563373227408,,-0.349073069599448,3.016563373227408
,0.832026268030758,-2.922352325729006,,-0.832026268030758,2.922352325729006
,1.293037919337589,-2.751075284363523,,-1.293037919337589,2.751075284363523
,1.719994588670240,-2.507342657730588,,-1.719994588670240,2.507342657730588
,2.101686611935536,-2.197624952586737,,-2.101686611935536,2.197624952586737
,2.428082499680962,-1.830086939453118,,-2.428082499680962,1.830086939453118
,2.690575592893322,-1.414384306836888,,-2.690575592893322,1.414384306836888
,2.882198643309442,-0.961426643505067,,-2.882198643309442,0.961426643505067
,2.997802243182525,-0.483110864990467,,-2.997802243182525,0.483110864990467
,-3.034193229595766,-0.007970423421849,,3.034193229595766,0.007970423421849
,-2.990229397126509,-0.498840630376256,,2.990229397126509,0.498840630376256
,-2.866867139917515,-0.976465311657578,,2.866867139917515,0.976465311657578
,-2.667159082970841,-1.428086337556131,,2.667159082970841,1.428086337556131
,-2.396199421331403,-1.841556866980605,,2.396199421331403,1.841556866980605
,-2.061015620567326,-2.205669065300408,,2.061015620567326,2.205669065300408
,-1.670406376534334,-2.510465757018104,,1.670406376534334,2.510465757018104
,-1.234727290091239,-2.747526658430977,,1.234727290091239,2.747526658430977
,-0.765627548416562,-2.910219606751784,,0.765627548416562,2.910219606751784
,-0.275742941733468,-2.993907401984398,,0.275742941733468,2.993907401984398
,0.221647336418228,-2.996101595874251,,-0.221647336418228,2.996101595874251
,0.712990610078122,-2.916555850539401,,-0.712990610078122,2.916555850539401
,1.184846069347827,-2.757293348391012,,-1.184846069347827,2.757293348391012
,1.624272883498092,-2.522565104490717,,-1.624272883498092,2.522565104490717
,2.019207636098920,-2.218738790289727,,-2.019207636098920,2.218738790289727
,2.358817568199537,-1.854120647098438,,-2.358817568199537,1.854120647098438
,2.633816809281408,-1.438716034509859,,-2.633816809281408,1.438716034509859
,2.836734217622122,-0.983936895873716,,-2.836734217622122,0.983936895873716
,2.962123549698744,-0.502266716748664,,-2.962123549698744,0.502266716748664
,3.006709274412797,-0.006895231148542,,-3.006709274412797,0.006895231148542
,-2.969464237895407,-0.488663915433157,,2.969464237895407,0.488663915433157
,-2.851618343518684,-0.970959143801540,,2.851618343518684,0.970959143801540
,-2.656600221742491,-1.426977686157099,,2.656600221742491,1.426977686157099
,-2.389916339966416,-1.844501373492942,,2.389916339966416,1.844501373492942
,-2.058974008558494,-2.212431358897724,,2.058974008558494,2.212431358897724
,-1.672856200682979,-2.521073585510209,,1.672856200682979,2.521073585510209
,-1.242057005901280,-2.762378844218845,,1.242057005901280,2.762378844218845
,-0.778186919281164,-2.930133266259077,,0.778186919281164,2.930133266259077
,-0.293657107693440,-3.020096934048042,,0.293657107693440,3.020096934048042
,0.198648603214351,-3.030089884014246,,-0.198648603214351,3.030089884014246
,0.685705900945775,-2.960026073371482,,-0.685705900945775,2.960026073371482
,1.154678935064783,-2.811896882604904,,-1.154678935064783,2.811896882604904
,1.593239419778324,-2.589706452589597,,-1.593239419778324,2.589706452589597
,1.989869971302200,-2.299361659086953,,-1.989869971302200,2.299361659086953
,2.334146361771559,-1.948519872133204,,-2.334146361771559,1.948519872133204
,2.616993844600074,-1.546397904458150,,-2.616993844600074,1.546397904458150
,2.830913053056973,-1.103545791671704,,-2.830913053056973,1.103545791671704
,2.970171218385401,-0.631589330428751,,-2.970171218385401,0.631589330428751
,3.030954639489688,-0.142945679284660,,-3.030954639489688,0.142945679284660
,-3.011478521930459,-0.349483166835250,,3.011478521930459,0.349483166835250
,-2.912050558942169,-0.832633572504268,,2.912050558942169,0.832633572504268
,-2.735085025032865,-1.293613901324511,,2.735085025032865,1.293613901324511
,-2.485064764160678,-1.720041516246759,,2.485064764160678,1.720041516246759
,-2.168449338967022,-2.100375182606307,,2.168449338967022,2.100375182606307
,-1.793528804138379,-2.424234112343782,,1.793528804138379,2.424234112343782
,-1.370224085187357,-2.682694265447870,,1.370224085187357,2.682694265447870
,-0.909836755908152,-2.868552201768087,,0.909836755908152,2.868552201768087
,-0.424753043181924,-2.976546867943810,,0.424753043181924,2.976546867943810
,0.071890966463529,-3.003530306207785,,-0.071890966463529,3.003530306207785
,0.566573838585326,-2.948579444841355,,-0.566573838585326,2.948579444841355
,1.045772051208692,-2.813042884669198,,-1.045772051208692,2.813042884669198
,1.496349543040849,-2.600518882651794,,-1.496349543040849,2.600518882651794
,1.905940163174347,-2.316763439899905,,-1.905940163174347,2.316763439899905
,2.263309404345548,-1.969530358186094,,-2.263309404345548,1.969530358186094
,2.558682333151030,-1.568348126141606,,-2.558682333151030,1.568348126141606
,2.784025921279000,-1.124241305998191,,-2.784025921279000,1.124241305998191
,2.933275952218743,-0.649406496055013,,-2.933275952218743,0.649406496055013
,3.002501180409257,-0.156854762236479,,-3.002501180409257,0.156854762236479
,-2.990000256645652,-0.339966457375069,,2.990000256645652,0.339966457375069
,-2.896329882060119,-0.827558617363068,,2.896329882060119,0.827558617363068
,-2.724265493142759,-1.292751518719711,,2.724265493142759,1.292751518719711
,-2.478698320392362,-1.723064987190881,,2.478698320392362,1.723064987190881
,-2.166474759404428,-2.107042325202044,,2.166474759404428,2.107042325202044
,-1.796185560330920,-2.434546927237365,,1.796185560330920,2.434546927237365
,-1.377913354975792,-2.697015442198806,,1.377913354975792,2.697015442198806
,-0.922947529841159,-2.887662852576181,,0.922947529841159,2.887662852576181
,-0.443475489975927,-3.001636688728830,,0.443475489975927,3.001636688728830
,0.047740958430345,-3.036119215077367,,-0.047740958430345,3.036119215077367
,0.537695938041661,-2.990377762404319,,-0.537695938041661,2.990377762404319
,1.013469066463938,-2.865764424293777,,-1.013469066463938,2.865764424293777
,1.462547509872785,-2.665667106296083,,-1.462547509872785,2.665667106296083
,1.873134461936879,-2.395414458876703,,-1.873134461936879,2.395414458876703
,2.234438577034303,-2.062137601159919,,-2.234438577034303,2.062137601159919
,2.536939355000140,-1.674591821567613,,-2.536939355000140,1.674591821567613
,2.772623817001729,-1.242941693938575,,-2.772623817001729,1.242941693938575
,2.935190048870635,-0.778513337881425,,-2.935190048870635,0.778513337881425
,3.020213359761572,-0.293517932592535,,-3.020213359761572,0.293517932592535
,-3.025270967117180,-0.199248899805679,,3.025270967117180,0.199248899805679
,-2.950021341899521,-0.686726576980913,,2.950021341899521,0.686726576980913
,-2.796234704900214,-1.155921859889672,,2.796234704900214,1.155921859889672
,-2.567771728260607,-1.594247054083954,,2.567771728260607,1.594247054083954
,-2.270508329016930,-1.989856274015769,,2.270508329016930,1.989856274015769
,-1.912205587513188,-2.331971077474523,,1.912205587513188,2.331971077474523
,-1.502325298583402,-2.611186081021582,,1.502325298583402,2.611186081021582
,-1.051793446551641,-2.819744752119378,,1.051793446551641,2.819744752119378
,-0.572715923049157,-2.951775557799120,,0.572715923049157,2.951775557799120
,-0.078052972429312,-3.003479134967463,,0.078052972429312,3.003479134967463
,0.418738992973532,-2.973258202668036,,-0.418738992973532,2.973258202668036
,0.904087590474838,-2.861783582390372,,-0.904087590474838,2.861783582390372
,1.364694452300453,-2.671991890069556,,-1.364694452300453,2.671991890069556
,1.787921705140934,-2.409013110416565,,-1.787921705140934,2.409013110416565
,2.162161260032860,-2.080029199628431,,-2.162161260032860,2.080029199628431
,2.477173596343392,-1.694067880938629,,-2.477173596343392,1.694067880938629
,2.724383859356442,-1.261738671518902,,-2.724383859356442,1.261738671518902
,2.897124927926321,-0.794920686905796,,-2.897124927926321,0.794920686905796
,2.990819509974933,-0.306413721345655,,-2.990819509974933,0.306413721345655
,-3.003096098817152,-0.190434633656296,,3.003096098817152,0.190434633656296
,-2.933836552664036,-0.682112556715127,,2.933836552664036,0.682112556715127
,-2.785155921690033,-1.155325197795289,,2.785155921690033,1.155325197795289
,-2.561317744631309,-1.597361341315686,,2.561317744631309,1.597361341315686
,-2.268590217753407,-1.996434762050054,,2.268590217753407,1.996434762050054
,-1.915050308055135,-2.341991265504442,,1.915050308055135,2.341991265504442
,-1.510344004900379,-2.624974349316321,,1.510344004900379,2.624974349316321
,-1.065411500245174,-2.838044388969712,,1.065411500245174,2.838044388969712
,-0.592186221706115,-2.975748104765155,,0.592186221706115,2.975748104765155
,-0.103276408974762,-3.034636709391046,,0.103276408974762,3.034636709391046
,0.388362568967724,-3.013332508923196,,-0.388362568967724,3.013332508923196
,0.869757601609892,-2.912544815813076,,-0.869757601609892,2.912544815813076
,1.328242070191661,-2.735036845170510,,-1.328242070191661,2.735036845170510
,1.751768733121140,-2.485545846259964,,-1.751768733121140,2.485545846259964
,2.129205650330412,-2.170659128231904,,-2.129205650330412,2.170659128231904
,2.450609995637624,-1.798648940867453,,-2.450609995637624,1.798648940867453
,2.707474943511261,-1.379269437681731,,-2.707474943511261,1.379269437681731
,2.892945045495075,-0.923519245570584,,-2.892945045495075,0.923519245570584
,3.001995669218458,-0.443373547219223,,-3.001995669218458,0.443373547219223
,-3.031572213860007,-0.048509911021601,,3.031572213860007,0.048509911021601
,-2.980685007280768,-0.539105823020136,,2.980685007280768,0.539105823020136
,-2.850456105933523,-1.015351486819603,,2.850456105933523,1.015351486819603
,-2.644114733306961,-1.464485380429695,,2.644114733306961,1.464485380429695
,-2.366938872168539,-1.874386455755048,,2.366938872168539,1.874386455755048
,-2.026141618937710,-2.233905547398231,,2.026141618937710,2.233905547398231
,-1.630702336891505,-2.533179525792242,,1.630702336891505,2.533179525792242
,-1.191144394571966,-2.763918318836097,,1.191144394571966,2.763918318836097
,-0.719263290592843,-2.919654803981145,,0.719263290592843,2.919654803981145
,-0.227811145529991,-2.995947940819172,,0.227811145529991,2.995947940819172
,0.269854255630218,-2.990530449464036,,-0.269854255630218,2.990530449464036
,0.760145632920606,-2.903393872870557,,-0.760145632920606,2.903393872870557
,1.229635635639575,-2.736805963713481,,-1.229635635639575,2.736805963713481
,1.665446357457809,-2.495257916649559,,-1.665446357457809,2.495257916649559
,2.055625230417272,-2.185341872257877,,-2.055625230417272,2.185341872257877
,2.389493789264490,-1.815562149677878,,-2.389493789264490,1.815562149677878
,2.657956775149840,-1.396086594791860,,-2.657956775149840,1.396086594791860
,2.853760745803700,-0.938447034341928,,-2.853760745803700,0.938447034341928
,2.971693652188121,-0.455199906953471,,-2.971693652188121,0.455199906953471
,-3.008719546820295,-0.040440444142413,,3.008719546820295,0.040440444142413
,-2.964045490461450,-0.534982659551977,,2.964045490461450,0.534982659551977
,-2.839120599430545,-1.015040345252977,,2.839120599430545,1.015040345252977
,-2.637569823500672,-1.467702799952249,,2.637569823500672,1.467702799952249
,-2.365067304011496,-1.880883428708704,,2.365067304011496,1.880883428708704
,-2.029155928655816,-2.243636458203862,,2.029155928655816,2.243636458203862
,-1.639020928397944,-2.546434459103894,,1.639020928397944,2.546434459103894
,-1.205226064201562,-2.781401122351954,,1.205226064201562,2.781401122351954
,-0.739421183542188,-2.942495589867462,,0.739421183542188,2.942495589867462
,-0.254029777778151,-3.025646302153767,,0.254029777778151,3.025646302153767
,0.238075253090159,-3.028833731597981,,-0.238075253090159,3.028833731597981
,0.723900013505141,-2.952122495617306,,-0.723900013505141,2.952122495617306
,1.190655247672906,-2.797644197383666,,-1.190655247672906,2.797644197383666
,1.626072885194012,-2.569532959984956,,-1.626072885194012,2.569532959984956
,2.018707752555794,-2.273816058015600,,-2.018707752555794,2.273816058015600
,2.358219161213431,-1.918262375162096,,-2.358219161213431,1.918262375162096
,2.635627414729924,-1.512191697177058,,-2.635627414729924,1.512191697177058
,2.843540498369252,-1.066248153135599,,-2.843540498369252,1.066248153135599
,2.976346358620528,-0.592141501070680,,-2.976346358620528,0.592141501070680
,3.030366299381240,-0.102360459331570,,-3.030366299381240,0.102360459331570
,-3.003965181676111,-0.390137064730542,,3.003965181676111,0.390137064730542
,-2.897614388860383,-0.872251202272707,,2.897614388860383,0.872251202272707
,-2.713903984835329,-1.331078247459141,,2.713903984835329,1.331078247459141
,-2.457501217924924,-1.754252143700821,,2.457501217924924,1.754252143700821
,-2.135053560959190,-2.130280838501716,,2.135053560959190,2.130280838501716
,-1.755035856441292,-2.448868178474532,,1.755035856441292,2.448868178474532
,-1.327542847351128,-2.701211423089576,,1.327542847351128,2.701211423089576
,-0.864030370285132,-2.880264228496525,,0.864030370285132,2.880264228496525
,-0.377010674494394,-2.980955203656728,,0.377010674494394,2.980955203656728
,0.120290428175230,-3.000352954486805,,-0.120290428175230,3.000352954486805
,0.614304750735977,-2.937769947911574,,-0.614304750735977,2.937769947911574
,1.091509598807916,-2.794799529495164,,-1.091509598807916,2.794799529495164
,1.538819319990343,-2.575282934429223,,-1.538819319990343,2.575282934429223
,1.943966832911100,-2.285205998715356,,-1.943966832911100,2.285205998715356
,2.295861472844381,-1.932528311414812,,-2.295861472844381,1.932528311414812
,2.584910307526166,-1.526950525681190,,-2.584910307526166,1.526950525681190
,2.803291630957446,-1.079628237966836,,-2.803291630957446,1.079628237966836
,2.945171520536934,-0.602843047670657,,-2.945171520536934,0.602843047670657
,3.006856969883550,-0.109642969338547,,-3.006856969883550,0.109642969338547
,-2.986881974660386,-0.386534800885733,,2.986881974660386,0.386534800885733
,-2.886025829371727,-0.872245676367869,,2.886025829371727,0.872245676367869
,-2.707265583393053,-1.334411539083095,,2.707265583393053,1.334411539083095
,-2.455666936851539,-1.760675345200832,,2.455666936851539,1.760675345200832
,-2.138219717169534,-2.139726739282854,,2.138219717169534,2.139726739282854
,-1.763625410103506,-2.461590768583863,,1.763625410103506,2.461590768583863
,-1.342045026577655,-2.717873699198679,,1.342045026577655,2.717873699198679
,-0.884815917527699,-2.901961784191218,,0.884815917527699,2.901961784191218
,-0.404146086359336,-3.009170511077805,,0.404146086359336,3.009170511077805
,0.087205805293329,-3.036843291701795,,-0.087205805293329,3.036843291701795
,0.576257080700937,-2.984399720127877,,-0.576257080700937,2.984399720127877
,1.050127303401408,-2.853334417094595,,-1.050127303401408,2.853334417094595
,1.496357727302491,-2.647168134455873,,-1.496357727302491,2.647168134455873
,1.903218077118901,-2.371353262000336,,-1.903218077118901,2.371353262000336
,2.259995241682891,-2.033136226520224,,-2.259995241682891,2.033136226520224
,2.557258788235255,-1.641379568248418,,-2.557258788235255,1.641379568248418
,2.787098418699958,-1.206346789942647,,-2.787098418699958,1.206346789942647
,2.943328619739585,-0.739453457915249,,-2.943328619739585,0.739453457915249
,3.021655856451597,-0.252988537459849,,-3.021655856451597,0.252988537459849
,-3.019803789015295,-0.240189405872634,,3.019803789015295,0.240189405872634
,-2.937592226104876,-0.726975708945454,,2.937592226104876,0.726975708945454
,-2.776965945126294,-1.194356461188999,,2.776965945126294,1.194356461188999
,-2.541970179039832,-1.629751342230275,,2.541970179039832,1.629751342230275
,-2.238670550232212,-2.021354084061104,,2.238670550232212,2.021354084061104
,-1.875016557030292,-2.358461294628221,,1.875016557030292,2.358461294628221
,-1.460649387780756,-2.631779701631169,,1.460649387780756,2.631779701631169
,-1.006656809438657,-2.833701544755713,,1.006656809438657,2.833701544755713
,-0.525280065550682,-2.958537978551468,,0.525280065550682,2.958537978551468
,-0.029579991878282,-3.002701038416475,,0.029579991878282,3.002701038416475
,0.466928249409718,-2.964826018333251,,-0.466928249409718,2.964826018333251
,0.950660490654540,-2.845828004757719,,-0.950660490654540,2.845828004757719
,1.408356136669664,-2.648888736042616,,-1.408356136669664,2.648888736042616
,1.827464345739658,-2.379372777088907,,-1.827464345739658,2.379372777088907
,2.196510034159660,-2.044675027275785,,-2.196510034159660,2.044675027275785
,2.505426578477012,-1.654004594685825,,-2.505426578477012,1.654004594685825
,2.745843495245444,-1.218112841433955,,-2.745843495245444,1.218112841433955
,2.911319433745777,-0.748975723638891,,-2.911319433745777,0.748975723638891
,2.997513358018064,-0.259442251088073,,-2.997513358018064,0.259442251088073
,-3.002289614360362,-0.237138123518943,,3.002289614360362,0.237138123518943
,-2.925755457717401,-0.727296133452795,,2.925755457717401,0.727296133452795
,-2.770232335565268,-1.197818746638528,,2.770232335565268,1.197818746638528
,-2.540164626560354,-1.636109080081390,,2.540164626560354,1.636109080081390
,-2.241971480050162,-2.030520113056301,,2.241971480050162,2.030520113056301
,-1.883848836600612,-2.370653894967345,,1.883848836600612,2.370653894967345
,-1.475529621093058,-2.647619817148175,,1.475529621093058,2.647619817148175
,-1.028010529598092,-2.854247355734143,,1.028010529598092,2.854247355734143
,-0.553253856132745,-2.985250380682157,,0.553253856132745,2.985250380682157
,-0.063872524061334,-3.037341587506985,,0.063872524061334,3.037341587506985
,0.427193994784107,-3.009296805552590,,-0.427193994784107,3.009296805552590
,0.907005770981399,-2.901969867219788,,-0.907005770981399,2.901969867219788
,1.362944008665340,-2.718259413361285,,-1.362944008665340,2.718259413361285
,1.783022164211488,-2.463029509536220,,-1.783022164211488,2.463029509536220
,2.156181057264126,-2.142986318245210,,-2.156181057264126,2.142986318245210
,2.472562757687678,-1.766513382066780,,-2.472562757687678,1.766513382066780
,2.723758236777109,-1.343468389444055,,-2.723758236777109,1.343468389444055
,2.903023888859132,-0.884944679386783,,-2.903023888859132,0.884944679386783
,3.005462106825147,-0.403001241606011,,-3.005462106825147,0.403001241606011
,-3.028161194454778,-0.089634385058850,,3.028161194454778,0.089634385058850
,-2.970290092681944,-0.579885112467228,,2.970290092681944,0.579885112467228
,-2.833143763739103,-1.054659060642291,,2.833143763739103,1.054659060642291
,-2.620135690541423,-1.501192904323361,,2.620135690541423,1.501192904323361
,-2.336734870347521,-1.907395595427855,,2.336734870347521,1.907395595427855
,-1.990345950686144,-2.262183286476838,,1.990345950686144,2.262183286476838
,-1.590132778347408,-2.555795519675464,,1.590132778347408,2.555795519675464
,-1.146787574805118,-2.780082314391454,,1.146787574805118,2.780082314391454
,-0.672250134219312,-2.928751803465012,,0.672250134219312,2.928751803465012
,-0.179383738670590,-2.997568634769137,,0.179383738670590,2.997568634769137
,0.318383262833322,-2.984494527621930,,-0.318383262833322,2.984494527621930
,0.807439245805106,-2.889764158434458,,-0.807439245805106,2.889764158434458
,1.274381909382096,-2.715891887062915,,-1.274381909382096,2.715891887062915
,1.706408114704142,-2.467607600736173,,-1.706408114704142,2.467607600736173
,2.091687105119802,-2.151722966156139,,-2.091687105119802,2.151722966156139
,2.419703739617018,-1.776932424462016,,-2.419703739617018,1.776932424462016
,2.681559623867136,-1.353556107403754,,-2.681559623867136,1.353556107403754
,2.870221950797532,-0.893234280855069,,-2.870221950797532,0.893234280855069
,2.980712309667327,-0.408584760187038,,-2.980712309667327,0.408584760187038
,-3.010230488804234,-0.087164120365771,,3.010230488804234,0.087164120365771
,-2.958211162525754,-0.580552003990675,,2.958211162525754,0.580552003990675
,-2.826314105005207,-1.058263800142764,,2.826314105005207,1.058263800142764
,-2.618351032193944,-1.507494009531120,,2.618351032193944,1.507494009531120
,-2.340154205341181,-1.916287714347463,,2.340154205341181,1.916287714347463
